Precision,Recall,Accuracy,F1 Score
0.7556675062972292,0.5494505494505495,0.9063353358820316,0.6362672322375398
